,cluster,x,y
0,2,3.60441539614,2.32707647991
1,2,2.48965565804,3.76873528779
2,0,-0.554123450932,0.131909714777
3,1,2.77433212174,2.44136857665
4,0,-0.512115481244,1.29010779243
5,2,3.34345045245,2.99725102138
6,2,2.9440449785,3.28096554026
7,3,0.976184945116,-0.0380713588456
8,1,2.60700981162,3.26834748747
9,0,-1.19818895736,1.05476665338
10,2,3.15577708523,2.92984954296
11,2,3.54778967598,3.18624434803
12,2,2.52988353556,3.77124723631
13,1,2.20544591933,3.49758762872
14,0,0.504380468856,0.637984040009
15,0,0.0334109067002,0.681704616998
16,3,2.07764467087,-1.60813129848
17,3,0.343416849952,0.00793933515733
18,2,3.80366873893,2.73296237254
19,2,3.28788467187,2.85586195236
20,2,2.21553269203,4.08347813831
21,2,2.93955483942,3.03494131582
22,0,0.594853224212,1.63730590164
23,3,-1.33984459662,-1.63600295885
24,0,-0.987821072349,0.375104020849
25,0,-0.752713979758,-0.230473129916
26,3,0.1957415893,-0.591864243909
27,2,3.6467823144,3.28787588737
28,2,2.95904861406,3.6980839089
29,0,-0.283063286927,0.603016779128
30,2,2.98595925406,3.25597954901
31,2,3.54373956782,3.17094666604
32,0,0.303751490222,0.760831985659
33,2,3.21204549382,3.35361163085
34,1,0.738383281011,2.2256923058
35,0,-1.30676456675,-0.0294437643827
36,1,2.33840277722,2.86836662934
37,2,3.50558405618,2.26777142302
38,1,2.89993996494,2.23930240803
39,3,0.730030588723,-0.300852200949
40,1,1.78051152425,1.20876291557
41,2,3.5896782806,3.21331507239
42,2,3.00806587559,3.13095965678
43,3,-0.441074269963,-1.5370866155
44,3,1.93443685483,-0.679337001553
45,2,3.09105399425,3.42259772258
46,2,3.65351735037,2.581413346
47,3,0.930600611409,-0.261379618215
48,1,2.12649098941,3.32348319367
49,3,-0.982843821416,-1.45927141801
50,2,2.73761265019,3.26049414559
51,0,-1.88288576517,1.07737147172
52,3,-0.798066858197,-0.515894208472
53,3,0.449139334287,0.0623289427011
54,3,0.911236642085,-0.342946525509
55,3,0.104517119785,-0.359092895242
56,3,1.5470065131,0.307352181223
57,2,3.56293222667,3.0256516825
58,0,0.823396069439,1.26273282096
59,1,2.74002916763,2.57905221891
60,1,3.05780126205,2.77059536599
61,2,3.50045302073,3.10668850864
62,3,-1.34900300207,-1.60319637258
63,0,-0.770234134237,1.2841904164
64,3,0.753609512598,-1.13707706392
65,1,2.70090930905,3.00535972255
66,1,2.51041129167,2.99733938151
67,0,0.133343679821,0.685504075112
68,0,-0.710098269758,-0.0706957778056
69,0,-0.931933716492,1.6877572597
70,3,-0.265175551375,-0.149094898855
71,2,3.45679311731,2.86659517792
72,1,3.08866291197,2.41431062572
73,3,0.0526192169961,-0.797110151821
74,2,3.54086017088,3.40030140504
75,0,-0.229457310971,0.147291813066
76,3,-0.449434535497,-0.322362835922
77,2,3.38277395528,2.82098518366
78,2,2.5431197274,3.56189081657
79,3,0.122153390601,-0.587210552577
80,0,-1.02452844002,-0.0918735786301
81,2,3.18838591208,2.64658236035
82,2,3.39385522102,3.22552782016
83,2,3.17443799605,3.30480120268
84,1,2.45359761075,2.76670446423
85,2,3.14034504045,2.80468064605
86,3,1.27182225861,-1.52419766047
87,2,2.77574177188,3.44097637745
88,3,0.623909347453,-0.223051899582
89,2,3.00741356626,3.32674693916
90,2,3.34358209018,2.66081324574
91,0,-0.483027060937,0.727223426848
92,3,0.530348323942,-0.211442601477
93,0,-1.07711008825,0.466540473672
94,0,0.332490844422,1.03670075915
95,2,3.23696446964,2.8221027625
96,0,-0.539455009969,0.446565484459
97,1,3.16005469702,2.57288993114
98,1,2.48665876503,2.98018313181
99,1,2.93194742171,2.80798656328
100,3,0.0272098097161,-1.26483599803
101,1,2.86068268404,2.50544519171
102,2,2.89629076582,3.22969156505
103,2,2.71753907356,3.38963943588
104,1,2.50908396755,2.63685397127
105,2,3.24321527218,3.10371398094
106,2,2.89541218679,3.1192626123
107,0,-1.5487483553,-0.29340614317
108,2,2.65377534348,3.45406380445
109,1,2.5038468819,2.81813398661
110,1,2.15715797811,2.81408862598
111,2,3.16964061346,3.00723033611
112,1,2.29530534174,2.73284835831
113,3,-0.596381394136,-0.841929190151
114,3,1.56544273131,-0.469551975405
115,1,3.11855574878,2.5340374822
116,3,-0.265965519849,-0.173400156254
117,3,-0.109052436409,-0.676671488923
118,0,-1.13990224057,1.16910016198
119,0,-0.853098851715,-0.212706184196
120,3,-0.077805611208,-0.467130530582
121,3,0.318927851796,-1.11781251401
122,0,-1.27607390248,0.660908477133
123,2,3.12928156703,3.09997116456
124,1,2.84503255843,2.19604008744
125,0,-1.54979050006,-0.731124320328
126,3,0.650773921611,0.189329183758
127,0,0.447750276957,0.46206141879
128,1,2.64252795553,2.49918183601
129,1,2.48861717386,2.55114887699
130,1,2.5103283502,2.71015966299
131,3,0.19320775572,-1.21046707404
132,3,-0.835744117682,-1.28887802145
133,3,0.928005821917,-0.403102334641
134,2,3.61224516947,3.59524340518
135,2,3.28553954705,2.6902334891
136,0,-1.40803288715,-0.24341789486
137,2,3.6320033716,2.38489200672
138,0,0.554682986583,0.964934333384
139,1,2.23489533581,3.16080385301
140,3,0.967568981815,-0.908921931988
141,1,2.76549046725,3.03093867764
142,2,3.1238694546,3.48229964435
143,2,3.1567178229,3.63318502362
144,1,1.71602020373,2.70571824952
145,2,3.58067047935,2.90545466002
146,1,1.88662448137,2.59484151828
147,0,-2.11568866485,0.860452976674
148,1,2.59315498449,2.88684237547
149,3,1.4564150168,0.62537120791
150,3,-0.0190030876081,-0.278163279405
151,1,2.55689564793,3.45527350128
152,2,3.17244817867,2.72751530523
153,0,0.255207868891,2.26333232682
154,2,3.32973583427,2.53342756972
155,3,0.192965610285,-0.438180648559
156,3,1.01777658953,-0.173194870864
157,1,2.93025427142,1.20116231778
158,1,2.64112259753,3.02066820457
159,2,2.90620462541,3.22446985776
160,1,2.60539804623,2.20724871213
161,0,-1.04392324381,0.889710649822
162,0,0.162510261247,0.505196152256
163,1,2.65343161244,2.43958405031
164,3,0.943241221723,0.216953463328
165,2,2.96965506192,3.87277098431
166,2,3.09026905629,2.93092202934
167,2,3.56586775238,3.76327683933
168,3,-0.535327412325,-0.514729546442
169,2,2.76001954084,4.23668102428
170,2,3.59874511091,2.47764826458
171,0,0.891688210906,0.972899748555
172,3,1.04092560493,-0.77847137773
173,2,3.67171750193,3.07799190962
174,3,0.69461726908,-0.11763636927
175,3,0.163362385922,-0.185204831142
176,0,0.448871592818,0.479158276751
177,0,-1.8113007162,-1.04824751098
178,1,2.61590271345,2.79702866335
179,2,3.17304133575,3.03146191196
180,0,-1.21898170361,1.50142903496
181,1,2.64818164543,2.5794935797
182,0,-1.05259682055,-0.193279037355
183,0,-0.891745496102,-0.0996187672435
184,2,3.28095103292,2.65279900083
185,1,2.77550267975,2.81529179202
186,0,0.141342590317,0.785852851226
187,1,1.58266925224,1.61808082758
188,0,0.146426831029,0.457417956388
189,1,2.84351169761,2.04568709844
190,3,-0.111469781706,-1.01805822093
191,3,0.0173497016282,-0.936600645071
192,2,3.51206477689,2.84151473168
193,0,-1.54420309898,0.071802533768
194,3,-0.682513171328,-0.896485367259
195,3,-0.724455223923,-0.705539974252
196,0,-0.301944693524,1.73930255095
197,3,0.260731131351,-0.36729222912
198,0,-1.14123662405,-0.381710471672
199,3,1.14086736249,-0.485694764509
200,2,3.64211230911,3.76975388765
201,0,-0.422392020397,0.872028165528
202,3,1.37155103832,0.743107406854
203,1,2.96746941132,2.21731296914
204,1,2.4723571875,3.54995505379
205,1,3.19554812525,2.32946764993
206,0,-1.18155638071,-0.447158163855
207,1,3.06598034593,2.67846013648
208,2,3.90583927015,3.51073807898
209,1,2.39800436383,2.94070227171
210,1,3.05796162071,2.75331987822
211,2,3.06238715163,3.03089042143
212,0,-0.974873652161,-0.174630095051
213,0,-1.29497229004,0.197138458781
214,1,2.79459346567,2.40322370447
215,0,-1.14801287908,1.1497711435
216,0,-0.770146331867,0.22762168651
217,1,2.48962503985,3.32057634702
218,3,0.322612287624,0.141406378143
219,1,2.70714789268,3.00743778067
220,2,2.7507630592,3.37203685732
221,1,0.69836741333,2.21322546757
222,1,2.69878586042,3.08866956721
223,1,2.10214534154,3.26012044326
224,0,0.541924474633,0.889985702689
225,1,2.62591859151,2.42315577226
226,2,3.35010297125,3.67676363019
227,1,3.18471711782,2.6011688257
228,0,-0.991230043782,0.0892818829657
229,0,-0.783922681031,0.138125313752
230,1,2.35308297349,2.71455989167
231,1,3.03618926218,2.80418013836
232,2,3.39411332443,3.76972795841
233,0,-1.03359058514,1.85066776182
234,1,2.58432014068,2.88675409905
235,2,2.83371420935,3.2200945125
236,1,3.25171492029,2.51104982337
237,3,1.23165253969,0.568226850321
238,2,3.42144684861,3.44654946356
239,1,2.37150886663,3.16558884126
240,1,2.65191488546,2.84861254612
241,2,4.0934368869,2.45494076695
242,3,0.558436240538,-0.301814148888
243,0,-1.57105743155,-0.365141178347
244,0,-1.0468012255,2.64166618961
245,3,0.509801049949,-1.33165347913
246,2,3.3356707326,2.49520886479
247,1,2.41295418686,3.54890145098
248,3,-0.332197038412,-0.631935475389
249,2,3.54108552641,4.11389866747
250,2,3.50476502117,3.1608602892
251,1,2.60397446926,3.29282495098
252,3,0.00724647159634,-0.649096777674
253,0,-0.649969690639,-0.283398821625
254,1,2.79477771325,2.84724516747
255,2,3.34568425829,3.63575381089
256,1,1.82634054968,2.75158429722
257,3,0.958464279767,-1.7224309706
258,3,-0.729102515158,-0.455297889464
259,2,3.33867114282,2.68236898705
260,2,3.32370657492,3.73732806247
261,1,2.20616189869,2.96733951145
262,3,-1.16981131138,-1.4475487236
263,1,1.93306316559,2.75697934917
264,0,0.284284576239,1.00295493827
265,3,0.373153545785,-0.937610074289
266,3,0.196454246696,-1.44717178723
267,2,3.20886966548,2.72125972723
268,2,3.25420726154,3.03124229151
269,1,2.61815307508,2.9564074619
270,1,3.19384881911,2.04230951511
271,0,0.388218336233,0.636564284061
272,3,1.67702097589,-1.39883945708
273,3,1.31665859402,0.910650103195
274,1,2.81952335002,1.94123027209
275,3,-0.257427066065,-1.09885855375
276,3,0.264920147055,-1.57857254203
277,2,2.99082654408,3.3655587518
278,3,0.0311111868157,-0.474296007221
279,1,2.34824475118,2.75514642068
280,1,2.89206576361,2.82524845595
281,3,0.553479844333,-0.157454379341
282,3,-0.768556671083,-0.502317591248
283,2,2.96722372069,2.97024761171
284,3,-0.251615434597,-1.48721630849
285,0,-1.21276166891,0.275431697538
286,3,0.39593387072,-2.47405937205
287,1,3.21452654335,2.37704534811
288,3,0.0567678361782,-0.347926317294
289,1,3.11500605047,2.32421876757
290,0,0.54007822992,0.64799621604
291,3,1.08466438126,0.132978252142
292,2,3.44236391537,2.83466513199
293,3,1.15836561716,-0.185988648111
294,3,0.437781507484,0.0220298146166
295,1,2.5519403865,2.90844036858
296,1,2.31901463656,2.89227634769
297,3,0.986774432001,0.792844228893
298,0,-0.569550324855,0.458287753848
299,0,-0.355789710944,0.571119045907
300,1,2.14119210265,0.655077763076
301,2,3.40567823343,3.66309831373
302,1,2.64112513404,2.98086727015
303,1,2.11713738034,3.09049899839
304,2,2.95687392447,3.63072423763
305,1,2.87300947968,2.82283091114
306,3,0.165832423613,-0.785100285722
307,2,2.88963163789,3.64477815644
308,2,3.39242179522,4.08187676356
309,3,0.504504372688,-0.766192690652
310,3,0.692459343717,-0.813361219115
311,1,3.04209367326,2.41603076022
312,3,-0.102502000089,-1.57835529461
313,2,3.50142468062,2.7203434703
314,2,3.8831768077,2.24589425711
315,0,0.144813726571,0.98077714655
316,3,-0.530455814075,-0.344233482931
317,0,-0.643408825748,0.365264916325
318,1,2.12208462236,3.07911046623
319,0,0.0108842989279,0.579523929497
320,0,0.277912040586,1.32400568126
321,1,2.37774207341,3.0378604617
322,2,3.2263468436,3.08849460669
323,0,-0.497228884426,0.113213789459
324,2,2.8957706041,3.67333167236
325,2,3.15865080741,3.62669673677
326,1,2.30469840179,2.50986187711
327,3,-0.0294299621197,-0.165882675228
328,3,0.173011491805,-0.451941897866
329,0,-1.0459120407,0.469297399541
330,1,3.23486796725,2.42249914384
331,0,-1.76897736417,0.916232587311
332,3,0.174385986521,-0.179809405271
333,1,2.53280535858,2.58333953712
334,3,1.12102478213,-0.241642057236
335,3,0.115800169464,0.0302174142267
336,1,2.7803009153,2.56151194374
337,2,3.26652691508,3.14193820818
338,2,3.08226139275,3.87336242531
339,1,3.41078980125,2.08923274533
340,3,-0.104276102525,-0.520646495732
341,0,-0.114983116802,0.336304331613
342,1,2.58113712053,2.39348731667
343,3,0.333969563533,-1.36291759813
344,2,3.86164429924,3.65841910177
345,3,0.985873807747,-0.559540566623
346,2,3.28856619425,3.1331296137
347,0,-0.420744663861,0.897110874241
348,1,2.161801349,2.67961644602
349,0,0.323479858764,0.940667960641
350,2,3.45776050407,2.84864974632
351,0,-1.36176313634,0.211616788109
352,3,-0.199956413422,-0.291978272814
353,3,0.237083493462,-0.222060911817
354,2,3.32381650228,2.65936460467
355,1,3.12990103141,2.32250020356
356,3,0.972865716786,-0.0019416280368
357,2,3.59460658703,3.28577532068
358,0,-0.482934058413,1.13173524139
359,3,-0.674424028217,-1.42170821554
360,0,-0.195572473308,1.03442284852
361,3,1.21875755318,0.560500693556
362,1,3.01987712685,2.14499479547
363,1,2.69550624167,3.06943469453
364,3,0.126557902364,-0.901888903239
365,3,-0.265847001778,-0.12971090099
366,2,2.96146605139,3.38204383653
367,0,-0.690482658909,0.16189195459
368,0,-1.70972551209,0.503237105729
369,1,2.48358254387,2.28120324585
370,1,2.79742501479,2.91628382212
371,0,-0.401014250673,0.483244845722
372,3,-0.158659467831,-1.37961106147
373,1,2.41203560865,2.92420048659
374,1,2.72139498746,2.95818658352
375,3,1.69904440883,0.0569788887159
376,1,2.82424503777,2.55806447594
377,3,0.227176680517,-0.192886414462
378,2,2.99374966302,3.15128355241
379,2,2.57392403262,3.47773744237
380,1,1.53582315361,2.94065005
381,2,3.46418844465,3.307990514
382,2,3.62062157805,2.65987296446
383,2,2.92589526324,2.98588756288
384,1,2.51023531408,2.70399727294
385,3,0.187330929517,-1.13259499705
386,0,-1.10820142661,0.844911311907
387,3,-0.841992841165,-0.908384219453
388,1,2.26773872702,2.00755767436
389,0,-0.630052848574,-0.0126823032706
390,3,1.04879020801,-0.877454687198
391,1,1.88237749534,3.52711460136
392,0,-0.623777334184,0.988759306947
393,0,-0.0321953786686,0.641478353723
394,3,-0.191172472726,-0.44572156228
395,2,3.45545450651,2.47902008237
396,0,0.135017788231,1.27282409408
397,2,3.1684360224,2.81598992024
398,3,0.919364419188,-0.06714948182
399,3,0.474676833274,-0.430406131829
400,0,-0.666429429212,-0.22204894574
401,3,0.997710817679,-0.590640814804
402,0,-0.968146733261,-0.0877740768737
403,1,2.95342341238,2.890519016
404,0,-1.43617415503,1.24048948124
405,1,3.25254710633,2.47253391379
406,3,0.1891165691,-0.608313584243
407,1,2.32554947835,3.22133255696
408,0,-1.28144869052,1.12266125499
409,1,2.58247012125,3.44357352078
410,1,2.77322865687,2.73365160069
411,0,-0.33892558311,0.368365845733
412,1,1.71363129555,3.36122909171
413,0,-1.68680566917,-0.527013399678
414,0,-1.02277840052,0.489867196588
415,1,3.09834082381,2.44024960225
416,1,2.98534447181,2.72130309492
417,1,2.40706272311,2.55331517797
418,0,-2.10544811843,0.103271736528
419,0,-1.463598052,0.951172239934
420,1,2.75258891123,2.31092325591
421,0,-1.20798382322,1.9025312198
422,3,0.038505818982,-0.0586016113549
423,0,0.630757025564,1.24770876483
424,2,3.05844948178,2.99836469764
425,0,-2.08141589436,0.467458787183
426,2,2.8354733131,4.1801564974
427,0,-1.42802673243,1.07496775135
428,3,-0.511488502909,-0.35269258865
429,2,3.04110785638,3.68889013771
430,2,2.89052266359,4.25325101696
431,1,2.56194378566,2.80704206705
432,1,2.43276490058,2.43227438146
433,0,-0.310867460448,0.662089735029
434,1,2.81885614942,3.02954479991
435,2,3.38315490722,2.64472043407
436,3,-0.436032539137,-1.68460752467
437,0,-1.10087483209,0.410247234664
438,3,1.4503090238,0.243654392339
439,0,0.0863124927759,0.924229127141
440,3,2.3608209621,0.0472337481093
441,0,0.162411195074,0.38836712379
442,0,0.589113660146,1.05172779605
443,2,3.68574177341,3.33700868759
444,2,3.177181492,2.80238341367
445,2,3.30622597814,3.28801320961
446,0,-1.85237785833,0.608598021608
447,2,3.56362940169,2.58152984309
448,0,0.264009969289,0.413073465667
449,3,0.124747984842,-0.569785667988
450,0,0.644583362834,0.797808681988
451,1,2.03212649159,2.72723171238
452,3,1.0490153911,-0.291868738007
453,3,-0.607429229066,-1.07325905725
454,0,0.758133288588,0.722572155528
455,3,2.68118227393,-0.81213032971
456,0,-1.8369418105,-0.240260288523
457,3,-0.905274493062,-0.86383760351
458,0,0.0599276571771,0.753928487545
459,1,2.62350420085,3.25622921968
460,2,2.66693972871,3.52477274609
461,2,3.23876819344,3.10457610141
462,3,1.88849832086,-0.12171012711
463,2,3.53960882116,2.61397147677
464,1,2.7980915297,2.43596100454
465,1,3.23289306614,2.06811137452
466,2,3.670991855,3.06651310954
467,1,2.94893694774,2.78482391616
468,2,3.65282148938,2.37338839561
469,2,3.50845787592,3.23959450796
470,3,0.36372874785,-0.37161449866
471,2,3.79228431145,3.3692911461
472,3,-0.751513688105,-0.914521717968
473,2,3.64806930695,3.76035701696
474,3,-0.0965119854408,-2.88515479368
475,2,3.74880639623,3.2326151903
476,2,2.86648298108,3.12361237195
477,1,3.19501882963,2.40294487057
478,3,0.308557657785,0.0584451150911
479,0,-0.211063004343,0.131109952108
480,0,-0.84103733078,-0.0321397766754
481,3,-2.46697767996,-2.04040390162
482,0,-0.267832514844,0.500045497029
483,3,-0.715862551969,-0.884886678495
484,1,0.938913310255,2.10852834976
485,3,-0.69253708033,-0.467194017292
486,3,0.0215606255603,-0.551368203599
487,0,-0.789588352323,1.60663996148
488,3,1.52397067075,0.110871678487
489,2,3.31138578816,3.04608471817
490,3,0.177542558013,0.116359352176
491,3,-1.38225360352,-1.24087849391
492,1,2.67798988732,3.04078490507
493,2,2.87955383,3.23006193614
494,2,3.57556998502,3.43782512705
495,1,2.32910184359,2.67908742421
496,0,-0.96787850584,0.893888372122
497,0,0.0269747264601,0.614778111656
498,2,2.84564331217,3.33728278449
499,2,3.41898389729,2.55318091442
500,0,-0.243034090522,1.34163887856
501,3,-0.315668692255,-0.764399451631
502,0,-1.02637678589,1.55860443824
503,1,3.03086974391,2.8236758404
504,1,2.9098145358,2.86063053308
505,3,-0.855207120307,-0.566380503626
506,3,1.14800419417,-0.25502921017
507,1,2.1777785824,2.48248540906
508,2,3.3933671169,2.65956069035
509,2,2.43574389855,3.72613296451
510,0,-0.0493502056161,1.02821551109
511,3,1.15539847435,0.603522393326
512,3,-0.126993081927,-0.119761292246
513,3,-0.301850897155,-0.244793470646
514,3,2.15329070666,-0.750328023918
515,2,3.04465735673,3.04940384056
516,2,3.57906936364,4.08455436037
517,0,-0.750441732758,0.473986385136
518,1,3.18750981894,1.73949903911
519,2,3.86439398746,2.93519992289
520,1,2.76587439262,1.49873591148
521,3,0.0532126367544,-0.8590280588
522,1,2.53239488899,2.66479837184
523,3,-0.215650533855,-0.553428717686
524,2,3.35692485101,2.61856632164
525,1,2.95475181848,2.82029215666
526,1,2.38408556336,3.02225677662
527,1,2.92753243366,2.41039559899
528,0,-0.985828598818,1.69693827412
529,2,3.42146202795,3.44205364469
530,1,2.04285248075,3.23461037282
531,0,-2.11647701164,0.986177027878
532,2,3.63190698323,2.85793511034
533,1,2.77928607529,2.59702145231
534,3,0.166194861143,-0.544073920844
535,2,3.29686977804,2.96348965086
536,1,2.98871107394,2.427528106
537,0,0.808439235264,0.747436425146
538,3,1.09686960582,0.192633253536
539,3,-0.766286506341,-0.629542298051
540,2,3.17147318485,2.69717299367
541,0,1.07449482398,0.899829151051
542,3,0.677421577963,-1.41403708451
543,2,3.3268870795,3.20882272615
544,3,1.22788302441,0.62689152095
545,3,0.654334105751,0.195295356006
546,3,0.187260354145,-0.298427901381
547,0,-1.24218415674,-0.0899292732535
548,2,3.05639606431,3.22592919524
549,1,3.0864738682,2.2291436958
550,1,2.95207817145,2.22361086001
551,3,-0.151497284651,-0.294057236246
552,1,2.79793926686,2.94704294615
553,2,3.52471025593,2.80940746855
554,1,2.37612986696,3.36548978757
555,3,0.345614656914,-1.42620708217
556,2,3.03787052334,3.00880230675
557,0,-1.94984965625,0.755256744772
558,2,2.89696708071,3.31643273765
559,3,0.233750973642,-1.58163197584
560,1,3.15441439329,2.46483664856
561,3,-1.39224895099,-1.18039522605
562,0,0.0333031587446,1.74731365503
563,1,3.29256879584,2.38911189982
564,3,0.0533673717356,-0.130986412472
565,1,2.49659983039,2.56390066945
566,0,-0.053525592365,0.327565186499
567,3,-0.340162520958,-0.436867535953
568,2,3.63488062863,2.34953797226
569,3,-0.179777547572,-0.38074337573
570,0,0.335920884447,0.631709118027
571,2,3.78793398591,2.73130790463
572,3,0.00334331563206,-0.356181841115
573,1,2.42719989776,3.63645419982
574,3,0.707361348146,-0.356125202542
575,3,1.43727407694,-2.12753511108
576,3,0.458016364291,-0.530095074266
577,3,1.19790526773,0.0704052470831
578,2,3.78939615107,3.23564070017
579,2,2.80685668808,3.69402025179
580,1,3.13886714043,1.89224157758
581,0,0.546250288955,2.1168107809
582,2,3.12121753137,3.44028008846
583,3,0.817455751067,0.41732297352
584,0,-0.600710376376,1.40269358749
585,1,1.92844866238,1.52303769542
586,1,2.7298088934,2.82282838871
587,1,2.3647595963,3.37721060523
588,0,-0.0711362446386,1.06195255867
589,3,0.364953054982,0.153583652876
590,1,2.85186539634,2.76725112714
591,2,2.7997915741,3.49700487957
592,3,1.27103574286,-0.473597911446
593,1,2.71784005299,2.83087215105
594,2,3.10511506508,2.96698757038
595,1,1.9101472356,1.73568573337
596,2,3.29458586228,2.57710226207
597,3,2.0095651378,-1.05290597913
598,1,2.61386359573,3.08143609099
599,3,-0.617989706123,-0.627728319835
600,3,0.789546210157,-0.473924722416
601,3,0.193495122932,-0.779188588322
602,2,3.36068816291,2.41387726954
603,0,-1.19303263374,-0.719245594271
604,1,1.22932398542,2.89008318567
605,0,-0.495779374903,0.328145664401
606,1,2.47847964301,3.46032180828
607,0,0.145387417583,0.455777666951
608,1,2.92502783133,2.81715982887
609,2,3.06035792162,3.25208029534
610,2,2.86881868695,3.0653497555
611,0,-0.995533902147,1.00717153096
612,1,3.10672253002,2.6474665454
613,3,1.04649616171,-2.00667425
614,1,2.24552086725,3.10807708663
615,3,0.284066695095,-0.753028338208
616,2,3.54358794229,3.50336771252
617,1,2.63866679388,3.16876438858
618,3,0.565145997692,0.288665118051
619,1,2.43509556261,3.33373720303
620,3,0.354550901399,-0.601433523246
621,1,2.22791376927,2.9357848582
622,2,3.47088692352,3.23712623969
623,3,0.247363822084,0.27637727398
624,2,3.12763302057,3.2426864824
625,3,-0.445806380261,-1.34739126621
626,1,2.86946666978,3.01321679313
627,2,3.15825669806,2.96958988718
628,0,0.390053133738,0.45318590421
629,1,2.38722514972,2.37021916592
630,3,1.567615559,-0.972258421656
631,2,3.23356146564,3.21637886243
632,3,0.684002529867,0.110241954562
633,1,2.53028065991,3.13358604305
634,1,2.77062802323,3.13814860275
635,2,3.05317592303,3.15394564756
636,1,3.02862234172,2.51254296032
637,1,2.50752085136,3.1783336769
638,1,2.79165466842,2.73142626907
639,0,0.207464439816,0.808830201789
640,2,2.83329905439,3.34153952964
641,3,-0.321449279351,-2.77453343836
642,3,1.47615072015,-1.35120852547
643,0,-1.63070740724,2.10402958134
644,2,2.9456407352,3.35758608888
645,2,2.85136934544,3.3489678933
646,0,-1.51224935454,1.03427209575
647,1,2.430300697,2.97814698399
648,3,1.17655671298,-0.748917428828
649,2,3.60818005391,3.27226439561
650,2,3.12572945825,3.4023002462
651,3,0.510917972826,-1.06385406379
652,2,3.1014573319,3.08652854116
653,0,-1.23247552179,0.0253495997842
654,3,0.610971015104,-0.188568281964
655,0,-1.29654134562,0.493020505351
656,0,-0.0160275471118,1.37893793672
657,2,3.18852562243,2.7271201483
658,2,3.25039051803,3.40476447055
659,1,2.87170474118,2.61296483373
660,0,0.418349345477,0.403635879068
661,0,-0.188006117645,1.25422353076
662,1,2.3787689084,3.3606364098
663,1,2.98290759773,2.57344239954
664,1,2.97994236656,2.79696007844
665,1,2.43801273813,2.64832958895
666,2,3.39447431429,3.38463538609
667,3,-0.342726568702,-1.09609862239
668,2,2.95504228728,3.96648625909
669,1,2.66892374798,2.69099286578
670,3,0.030441795676,-1.26376871625
671,3,-0.0367642240578,-0.458969922023
672,1,3.38095760071,1.943311319
673,3,-0.176767372632,-0.558822989544
674,0,-0.816509454009,0.844644694841
675,1,1.96542594794,3.10912673678
676,2,3.79395233191,3.64815967649
677,2,2.76424980687,3.46220944457
678,1,2.482233991,3.42702221801
679,2,3.39802121658,2.9031734331
680,1,2.87909728337,2.207235027
681,2,3.90809676363,2.6524886856
682,0,-0.823234361226,0.751082345444
683,1,2.49622785936,3.34924054909
684,0,-0.170263508109,1.08245584883
685,0,-0.909736553104,-0.122318903974
686,0,-0.764248462245,-0.384434331478
687,3,0.819784512431,-0.0264405207074
688,3,-0.183555564119,-0.122069410085
689,3,0.125750704496,-0.287559124048
690,2,2.92324985068,3.27220051694
691,3,-0.960854907109,-1.80424528664
692,1,2.33951695379,3.08487379615
693,0,-0.2553139557,0.342343279969
694,1,2.74326825245,2.43166574812
695,2,3.08113128124,3.11471909996
696,0,-1.45707297421,0.910806408124
697,3,0.609148540865,-0.0329688101981
698,0,0.069869611632,2.83560065564
699,3,-0.505750678777,-0.302288750824
700,2,3.7078320477,3.67673612855
701,2,3.72941874952,3.23527941127
702,2,3.00226763096,3.38534796384
703,2,3.79273178622,2.71048101475
704,3,-0.0752222868814,-0.291577107476
705,2,3.60713273002,3.14543838741
706,2,3.69712183584,2.78487600605
707,3,2.40022105602,-0.042193047899
708,1,3.01424875029,2.7307222158
709,2,3.11616229759,3.24959908894
710,3,0.813842833274,0.659382128017
711,2,3.54155835137,2.6879396857
712,1,2.56180732315,2.42601287126
713,2,2.7573298826,4.046510505
714,0,0.214461093308,0.675941070649
715,1,1.95617865388,3.74588826906
716,2,3.67756378362,3.34533377518
717,1,1.62324993798,1.34624781724
718,3,-0.810179211099,-0.604125180758
719,3,0.766751597578,-0.61489728256
720,2,3.49491882115,2.78451805753
721,0,-0.35748546219,2.45138898472
722,2,3.23291713824,2.67242728446
723,2,3.90432863742,2.26049857446
724,2,3.86153874192,3.38245122175
725,2,4.0862373554,2.87393554663
726,2,3.45520377847,3.32044809127
727,0,0.682646683776,1.97235074242
728,2,2.92711194396,3.45202678121
729,0,-1.33265773651,1.40266997375
730,3,0.570818843709,-0.587829857241
731,1,3.26119065232,2.27650231983
732,2,3.01759827619,3.17382594328
733,0,0.600799916504,1.01931104348
734,1,2.90165231742,2.97995338281
735,2,3.25075023658,3.1909110979
736,3,-0.678196581664,-0.728656850199
737,0,-1.45675274092,0.335037708544
738,0,-2.11191707521,-0.287886913728
739,3,-1.03509812137,-1.84396821256
740,1,3.07739148597,2.48352262383
741,1,3.42927071044,2.07629459836
742,1,2.52996477025,3.35396225057
743,2,3.35421892955,3.23668350592
744,0,-1.63964355686,0.0116620441402
745,2,2.73247666092,3.39822259022
746,3,0.284128469401,-0.833883566936
747,2,3.24394550541,3.22982907365
748,3,1.15907001025,0.411710791627
749,0,-0.366807657076,-0.157134353671
750,1,2.98491171106,2.6925251863
751,0,-1.69639277322,-0.11927819807
752,1,3.21638575156,2.44120416299
753,2,3.27068465728,3.90382486604
754,2,3.27755410597,2.66647283518
755,0,0.479292954069,1.49189874774
756,3,-0.114233278163,-0.243423807877
757,1,2.81790330764,2.09394372414
758,3,-0.739038876996,-0.688697679578
759,2,3.51172704837,2.25561978138
760,3,0.471620371667,0.303744604344
761,1,3.07461314113,2.22449979498
762,0,-0.112567535082,0.10112321131
763,0,-0.585813699514,0.66161098227
764,3,-0.243413119918,-0.871036077393
765,0,-0.891060398217,0.686846037706
766,2,3.16664685666,2.92285059924
767,3,1.22290600273,0.747502750709
768,1,2.39303464564,3.46764722754
769,0,-0.0929792442569,0.630552856648
770,0,-1.16242010261,0.563791269133
771,2,3.47656619365,2.95486304808
772,0,-1.40089657356,2.3315252772
773,1,1.88378018771,3.75061594349
774,1,3.20467349766,2.59304325965
775,3,-1.47067180103,-0.963211826949
776,3,0.530109999798,0.0122205702197
777,2,3.37119922957,2.70980389481
778,2,3.53685928646,2.86273387057
779,1,2.85019468344,3.03672032593
780,0,0.169826165756,0.54430779981
781,3,0.354544127247,-0.406059630831
782,0,-1.34651955817,2.10458343336
783,0,-1.59942014755,0.24027834665
784,3,-0.396037527746,-1.56650362062
785,2,3.85484089166,2.46441611444
786,2,3.91766180586,2.07949415423
787,3,1.4631141047,-2.42494910484
788,2,3.20206354775,4.0938412919
789,1,2.69613881013,2.70088032605
790,3,0.820485926372,-1.71645902083
791,1,3.21424457778,2.54403336877
792,2,3.04293653928,3.36188635742
793,0,-1.56989200769,0.646702870366
794,2,3.94774465753,2.77243041555
795,0,0.130393792136,0.570167212397
796,2,3.22030224213,4.04329777432
797,0,0.157459868614,0.949079006604
798,2,3.18978667101,3.76263062166
799,2,3.32856423746,2.72019591168
800,3,-0.442180993019,-0.307422603829
801,1,2.04649666712,2.40279363533
802,0,0.243793645425,0.844917618082
803,2,3.89289970502,3.24124524125
804,1,3.11457062809,2.36807065738
805,1,2.88557147364,2.67590222096
806,0,-0.885256764321,0.224479644375
807,0,-0.316751198689,0.486116361112
808,1,2.49193481333,3.12896911035
809,3,0.0728564299886,-0.288897362989
810,3,-0.724886902347,-0.44346077677
811,3,-0.205640085976,-0.536342469339
812,0,-0.469737286648,0.863647642454
813,2,2.85721751869,3.0869050746
814,2,3.62713913501,2.66674954692
815,3,0.00333583928901,-0.103991110058
816,2,3.5290946751,2.35328121088
817,1,1.93206682432,2.5722765779
818,1,2.73048044872,3.16674521827
819,2,3.46642231035,2.77428556832
820,2,3.55020375356,2.91174627422
821,1,2.31659427466,3.19777582783
822,3,1.42717782767,-0.697186775025
823,3,-0.444471169803,-0.417103872479
824,1,2.49707438298,2.52648428565
825,2,4.15488744212,3.12152970363
826,1,2.46127172149,2.92272830257
827,2,3.93848718143,3.71545059101
828,0,-1.07956323131,-0.248434558747
829,2,3.20260292473,3.282109242
830,2,2.890934253,3.36924652297
831,0,0.662347517729,1.65304487478
832,2,3.47124190675,3.20326268839
833,1,2.455570823,3.27478548129
834,2,3.68938096627,3.11645445505
835,3,-0.0373015849597,-0.00663592050019
836,0,0.121681135452,0.613231396249
837,0,-0.69397745562,1.14027987219
838,2,3.5251697078,3.37365417849
839,1,2.81003242686,2.86804533796
840,3,1.30734955558,0.740183383212
841,0,0.246552426245,1.165756807
842,3,-0.068308415548,-0.951274221631
843,2,3.45684380997,2.27566257962
844,1,2.78967985061,2.26977605849
845,3,-1.04814217768,-0.714959423711
846,1,1.6080219217,2.92611675559
847,1,2.17055018228,2.31092786098
848,0,-0.643465798313,1.263057175
849,2,3.02703250168,3.67305325288
850,2,3.37442898628,2.70437936214
851,3,1.52326635373,0.483833804054
852,1,2.88095190393,2.91605491575
853,0,0.252037841124,1.20450783922
854,3,0.093678054272,-0.20480785116
855,2,3.83525125035,2.32116295223
856,2,3.19531975171,3.12828971093
857,3,-0.303725420971,-0.804165661513
858,2,3.15537800616,3.22636554779
859,1,2.04964840419,3.1673442864
860,1,3.12688470045,2.56187500497
861,3,0.575670182955,-0.000105335501429
862,2,2.87552167906,3.45244695421
863,0,-0.693017138722,-0.294210980499
864,1,2.55877001909,3.22998062011
865,0,-0.261906311669,0.842074048478
866,1,2.58008778832,3.05614016283
867,2,3.64136374671,2.66917413055
868,1,2.36476361737,3.34261924616
869,3,0.553378247444,-0.139074802891
870,3,0.525513174452,-0.0198960665156
871,0,-0.650691518399,-0.0195020878796
872,1,2.61766267792,2.57248181833
873,3,-0.134030654618,-0.908591846614
874,2,3.35988540127,3.44325357618
875,1,2.87860894782,2.88202545833
876,1,2.40912468186,3.43890833185
877,0,0.0201025318573,0.13976465052
878,1,2.77669123457,2.55597314693
879,1,2.92658817941,2.67877017294
880,2,3.82910912372,3.78333829111
881,2,3.74091313231,2.81697822949
882,3,1.75116842796,-0.254827768425
883,2,3.35952082809,3.26068433438
884,3,-0.673482035731,-0.707082675295
885,3,0.0993243439266,-0.324639138497
886,0,-0.18624482164,1.93581774642
887,3,0.103810938709,-0.312249181486
888,3,-0.857676405308,-0.976661401519
889,1,2.64215160913,2.95253984194
890,0,0.637792180517,1.70802492929
891,3,-0.475741799052,-0.540566282285
892,3,1.3258810994,-0.716316753889
893,3,0.459318356341,-1.00857168571
894,1,2.19412267416,3.40302978865
895,0,-0.214915595472,1.90811199631
896,0,-1.06033319453,-0.433697622909
897,3,0.689919574127,-0.816469609066
898,2,3.82423144204,2.98086645259
899,2,3.70536418553,3.21149919173
900,3,1.06293732817,0.00581275614731
901,0,0.137194182991,0.223323497254
902,2,3.45947476025,3.56926734106
903,2,2.95258958252,2.94842758288
904,2,3.45407705072,3.18275678767
905,2,3.16938660851,3.83546088005
906,2,3.39097120128,2.67903973341
907,3,0.8600119192,0.438276900375
908,2,2.66064655697,3.35088560907
909,2,2.90207002407,3.27971279415
910,2,2.83469294854,3.31065669806
911,2,3.22626090788,3.02856459313
912,1,3.63561399567,1.73569315129
913,3,-0.0425399087959,-1.37367848651
914,3,-0.209889719557,-0.870140258397
915,2,2.89579717639,3.2856228165
916,0,-1.76337557519,-0.668446433233
917,1,1.71801629971,2.67879024851
918,1,2.66466091988,2.86517022359
919,1,2.36176005333,3.62280205622
920,2,3.58569024074,3.61188484628
921,2,3.03378112974,3.03817968452
922,2,3.69217166795,2.34148745728
923,0,0.452100647145,0.524655854275
924,3,0.107202418054,-0.115513873346
925,0,0.456167448033,0.543813891158
926,3,0.892599123811,-0.926842344344
927,0,0.406109280163,0.463954471879
928,2,3.0623898088,3.13632349842
929,3,0.800069455356,-0.222254525792
930,1,2.4585339394,2.86788865202
931,1,2.53554961914,2.92970806375
932,0,-0.52262077069,0.537425047287
933,3,2.35512784704,-0.386515007666
934,2,3.62937787342,3.06936697846
935,1,2.64197289082,2.43177826112
936,0,-0.115946226717,0.107621263555
937,3,0.391425592238,0.209280183772
938,0,0.709911241599,0.623887288151
939,0,-1.23787138162,-0.715280341391
940,2,2.82018971956,3.17704521375
941,0,-0.877531781796,1.11691457346
942,2,3.07924945731,2.83151920621
943,3,0.634433406229,-0.95213483622
944,1,2.96292488322,2.86334511066
945,2,3.49207999515,2.7363483635
946,2,3.13023701496,2.76072493038
947,2,3.17249124142,2.87955221336
948,3,0.289184188844,0.175245753973
949,1,2.94897646326,2.90326748731
950,1,3.39421516104,1.76023002307
951,2,3.99176578802,3.59803182335
952,1,2.61628558169,3.17893866757
953,1,2.4790024095,3.04244755064
954,2,2.78379988137,3.27742542264
955,0,8.32347542153e-05,0.432439804803
956,3,1.32148360916,0.29851180914
957,2,4.4347299478,2.90676037779
958,1,2.85532258775,2.40966078874
959,0,0.906419389511,1.50736134977
960,2,2.92011573024,3.10530968322
961,3,-0.430989610304,-1.6466885214
962,3,0.316911581232,-0.102399563831
963,0,-1.05815379326,1.41628822102
964,0,0.0424763274229,0.198778345458
965,1,1.44399769105,1.38428166649
966,0,-0.0530705249973,0.60993720919
967,1,2.6646440723,2.29929593524
968,0,-2.29775690585,-0.530212713206
969,1,3.18383595495,2.62033704513
970,2,2.92462655623,3.60759864269
971,1,3.15869772333,2.41671357751
972,2,3.40364612532,3.50723559278
973,0,0.624689127394,1.62264106388
974,0,-0.924601010063,0.579464550139
975,1,2.86163727999,2.40240639645
976,0,-1.00997874989,1.28993853903
977,1,2.7601715659,2.8339047238
978,3,-0.12480813332,-0.303195189003
979,1,2.64482109135,2.43485318126
980,0,-0.963232690803,0.0014381485693
981,1,2.90041892982,2.83551525391
982,1,2.97801882265,2.41364973226
983,2,2.57153440998,3.59294339115
984,2,2.70455562841,3.30565310581
985,2,3.62448866793,3.30708155516
986,3,1.25168732879,0.787164255302
987,3,-0.0257771591785,-0.997712480659
988,1,2.71128393015,3.07243283049
989,2,3.57083601045,3.61121932271
990,0,-0.459091626198,0.137969677328
991,2,3.64475338138,3.15022344555
992,3,0.180210118134,-0.881630000806
993,0,0.565774819585,0.578906859003
994,1,2.98304841603,2.57294068432
995,3,0.052368309209,-0.834431183065
996,1,2.08945120074,2.98103755312
997,2,3.5281435257,3.55483328558
998,2,3.85216383131,2.39730011818
999,1,2.70576790049,2.88892521875
1000,3,-0.110885914022,-1.29142407131
1001,0,-0.463750965643,1.06497995614
1002,2,2.36364766207,3.82910153677
1003,0,-0.360602111655,0.437745476933
1004,2,3.2165675239,3.1262045029
1005,3,0.0408231994996,-0.190242299625
1006,2,3.00554179697,3.12839951252
1007,1,2.96572561997,2.48011627283
1008,0,0.00919371545095,0.561459195695
1009,0,-0.805720257524,-0.423477504333
1010,1,2.41985565491,2.59010192907
1011,3,1.48463238884,-0.243084777022
1012,3,0.778406871915,-0.913224002358
1013,2,3.51132904711,3.61678767457
1014,1,2.51005692894,3.45632464018
1015,0,-0.73314819815,1.36089514222
1016,1,2.65207763113,3.16156601578
1017,3,1.09303651186,-1.42819894751
1018,2,3.7634620886,2.51823431658
1019,0,0.243872023525,1.28458854299
1020,3,0.620748995128,-1.25237112962
1021,3,0.427225049189,-0.610007681112
1022,2,3.03808223206,3.59551639216
1023,2,3.04857877175,3.70765973918
1024,1,2.31500324197,3.31078144224
1025,3,0.339714648177,-0.212732662509
1026,3,0.567746387838,-1.2117138307
1027,1,1.82518341005,3.97924611995
1028,1,2.88744977559,2.95692911066
1029,1,2.75332793331,3.01848560579
1030,0,-0.420728105942,0.0355822330337
1031,1,2.58552373215,3.38097746794
1032,3,0.0606963052545,-0.424635937558
1033,3,1.51634130611,0.534445299714
1034,1,2.63184911046,2.8929653733
1035,2,3.54659720123,3.00076908511
1036,2,2.69515028806,3.49337015288
1037,0,0.256610078498,0.321230830545
1038,3,-0.704114274212,-0.720608114653
1039,1,2.92089977482,2.79683661266
1040,1,1.97652267396,3.28778681465
1041,3,0.369256756284,-0.468874196694
1042,2,3.37717204508,2.65669022189
1043,3,0.776271658569,0.105827540533
1044,2,3.29101677599,3.37408366797
1045,3,0.922656949221,-0.78240679182
1046,2,3.3106368352,2.91658706246
1047,1,2.6236465922,2.7009020249
1048,3,1.61877272766,0.766039883962
1049,2,3.17194540474,3.85251381273
1050,0,-0.168644079316,1.5617760513
1051,3,0.405393676116,-0.289029749191
1052,2,3.53546461868,2.67870788929
1053,1,2.59776573022,2.92520450677
1054,0,-0.507180378253,0.0732435164803
1055,0,-1.12463599536,-0.0902729565484
1056,2,3.28381770635,3.96359838285
1057,1,2.25566033195,2.94238987933
1058,0,-0.180667476546,0.352058132617
1059,2,3.76839886733,2.66194414723
1060,2,3.36229270914,3.74628798347
1061,0,-0.166885114088,0.476534762846
1062,0,-0.996836770966,-0.347252614049
1063,1,2.50867707999,3.27885285701
1064,0,-2.0109507037,-0.298610476658
1065,3,-0.222002479661,-0.639858716087
1066,0,-0.804372005464,1.88614103499
1067,0,-0.637364662237,1.61699787114
1068,2,3.10984019024,3.22298448761
1069,2,3.05464132615,4.10591913321
1070,0,0.503356262428,0.743549705258
1071,0,0.890533938863,0.951828865336
1072,2,2.90955430066,3.47394253781
1073,3,-0.343756425239,-1.08231564455
1074,1,2.67533595433,2.89628442412
1075,1,3.03386311175,2.33406767995
1076,2,3.35721628496,3.55550643555
1077,0,-0.40152495011,0.699598994214
1078,1,2.32113402177,3.05665834222
1079,2,3.92501679202,2.78522841038
1080,2,2.72046705882,3.34215053681
1081,1,2.24316320239,2.98857537813
1082,2,3.6266793488,3.1241564003
1083,3,0.0199033102608,-1.61622477578
1084,1,2.38605720384,3.56196603962
1085,3,0.213288624976,0.0671453716768
1086,1,3.18927720863,2.19151846279
1087,0,-1.84018971529,-0.61229654974
1088,1,2.62910198224,2.99944759394
1089,2,4.11674100012,3.05280200052
1090,3,0.776341761641,-1.5625253535
1091,0,-0.00657339651787,0.941733674447
1092,3,-1.7931162359,-1.64726278465
1093,0,-0.446511611194,0.417363117802
1094,1,2.83828584061,2.37773314138
1095,3,0.564203974792,-0.717126297746
1096,0,-2.37111002367,-0.255362828665
1097,0,-0.706579441635,0.212047572693
1098,0,-1.75397565387,0.769312704913
1099,3,0.715898661262,-1.07068845081
1100,1,2.51251829721,2.53634275455
1101,2,3.48596917329,3.24143722609
1102,1,3.25254882695,2.00286855428
1103,0,-0.0930325209525,0.832504277356
1104,0,-0.655343504092,2.56056777807
1105,1,2.64876164996,2.74588725406
1106,0,-0.954845395935,1.73957398282
1107,3,0.528329467237,-0.736366322923
1108,0,-0.0596571697253,0.709380300595
1109,2,3.67591553103,3.96785709512
1110,2,3.68844954765,3.1136326601
1111,3,1.25313402663,0.908368920908
1112,1,2.03283700409,2.43860079724
1113,2,3.09457984674,3.31520559152
1114,2,3.29811725654,3.30312820767
1115,3,0.770367240536,-1.53370945351
1116,0,-0.303490446557,1.43943330143
1117,0,-0.131412047856,0.440595733185
1118,2,3.04110589407,3.38182624441
1119,1,2.63793512722,2.87797487984
1120,2,3.44335307838,2.45680683143
1121,0,1.1028187041,1.49681101618
1122,1,1.27686829736,1.7082577332
1123,2,2.47401519348,3.88508022062
1124,2,3.45976567779,3.30586067005
1125,3,-0.0826862201177,-0.191318010733
1126,1,2.63069304202,3.13017593383
1127,2,2.98568578725,3.49445934387
1128,0,-0.605558052774,1.03567230369
1129,1,2.43160913262,3.52783728018
1130,0,0.302182890285,0.540220502065
1131,2,2.83584568199,3.71227391921
1132,0,-1.48461385835,-0.217454833304
1133,2,2.64219970772,3.91849017735
1134,2,2.59588775852,3.48714961306
1135,0,0.190932059745,0.895661147602
1136,1,2.25892271543,2.42451019987
1137,3,0.398016991307,-0.185169056133
1138,0,-0.887054221421,0.999150666608
1139,0,-0.33806864605,0.750650873574
1140,3,0.801940252171,-2.19434297931
1141,2,3.60115577041,3.24928540473
1142,0,-0.36409631057,1.05182333212
1143,1,2.4610786411,2.39650125114
1144,0,0.174032906092,1.05519187471
1145,1,3.25432459825,2.51234054229
1146,2,3.10370731173,4.04124930602
1147,0,0.454029284296,1.71014438021
1148,1,2.70635207533,2.47472152824
1149,1,3.05006995629,2.33283570008
1150,1,2.20527295846,3.53972310971
1151,2,2.97089834049,3.30408334942
1152,2,3.20867054738,3.12314468966
1153,3,-1.29366938133,-1.08927267982
1154,0,-1.22161520937,0.296111006435
1155,1,2.27938024534,1.99172221857
1156,3,-0.303144412476,-0.561701156479
1157,0,-1.32233065225,0.589410807589
1158,0,-0.148418852603,0.605037236311
1159,2,3.12041189309,3.10416458717
1160,2,3.21475348014,2.78198635751
1161,1,2.98739057529,2.72369700738
1162,0,-1.40248738585,-0.420706397268
1163,1,1.48182763279,1.4570128796
1164,1,2.56475474207,2.5541028152
1165,0,0.0941026576006,0.497091360216
1166,0,-0.994999453842,-0.12698522046
1167,3,0.503759842799,-0.803435140101
1168,3,-0.136020032322,-0.764859561585
1169,3,-0.651655158009,-1.32335640926
1170,1,2.87365648948,2.9259097349
1171,1,2.99578800272,2.87736574791
1172,1,2.96793594328,2.9161123557
1173,3,1.21485097289,-0.0863187853425
1174,1,2.95192758232,2.1552264975
1175,1,2.75243337258,3.15442220113
1176,3,-0.149271181313,-0.0906391677974
1177,3,-0.146278259102,-1.2518829543
1178,3,0.570314620773,-0.746160198656
1179,3,0.0512576507107,-1.20938447839
1180,1,3.39167823078,2.1417474078
1181,2,3.06814805206,2.96776339415
1182,3,1.29828731238,-0.906615074667
1183,1,2.86772060452,2.20899139067
1184,2,3.17029263683,2.91996960271
1185,2,2.94576406746,3.12269012229
1186,1,2.88049015622,2.77240600368
1187,0,0.358085255768,0.830066090778
1188,1,2.87091917921,2.55212243135
1189,0,-1.01039904859,-0.484971100317
1190,0,-1.42987146529,0.706517636243
1191,2,3.228493887,3.25258811697
1192,1,2.45845684979,2.69943093943
1193,2,4.14095492502,2.95092687138
1194,2,2.720320107,3.27295906463
1195,1,2.7592845615,2.24226397333
1196,0,0.0150620254495,1.67472157734
1197,1,2.51194082314,2.87992036459
1198,2,3.20256280097,3.1850904459
1199,1,3.12342008312,1.77957457737
1200,0,-0.112927754034,1.07078011328
1201,2,3.28227091452,3.345827486
1202,3,0.238160415126,-0.381352807234
1203,0,-0.057268764318,0.0957604159186
1204,3,-0.510271980485,-2.67838489606
1205,2,3.24862655208,3.16999075768
1206,0,-0.566272637632,0.0674148216979
1207,1,2.43403680193,2.52863218716
1208,1,3.26426508537,2.48629594973
1209,3,0.109836148551,0.0955658599998
1210,3,-1.02455123492,-1.66498419678
1211,2,3.06359493046,3.36098216192
1212,0,0.375232131017,1.10170746862
1213,1,2.56915494235,3.43299276799
1214,2,3.27172751228,2.76205621914
1215,2,3.54058506593,3.6917045778
1216,3,0.645068315227,-0.1844037333
1217,0,-0.0670940265538,1.84727611894
1218,0,-1.77104910598,1.34782683613
1219,0,-0.726271064617,-0.212419092741
1220,1,2.35986628994,3.07366425505
1221,2,3.8196119071,3.39478919612
1222,2,3.17812966133,2.95729062269
1223,0,-0.116922120028,0.049069916702
1224,1,2.25375807961,2.90771620791
1225,3,-0.0543132478813,-0.064322943412
1226,3,0.870051513006,0.0197883485614
1227,1,2.93139924188,2.46499347234
1228,2,3.22756338181,3.50028825549
1229,2,3.04992226242,2.89401750013
1230,1,2.90040519449,2.945112118
1231,0,-0.0703983763831,0.499225056805
1232,1,3.21412954898,2.57497916906
1233,3,1.18901210045,0.127596089812
1234,0,-0.643157346676,0.325394519297
1235,0,0.623487396392,0.595109129278
1236,3,-0.73930050999,-0.609513864495
1237,3,1.07354687109,0.19640418109
1238,3,-0.814418376344,-0.975255472145
1239,2,3.06763773648,3.32440051501
1240,2,2.90942238922,3.38088903024
1241,2,3.73511577566,2.75753413985
1242,0,-0.792909893805,0.572825541801
1243,3,-0.641949819469,-1.75619947487
1244,2,2.8138554885,3.26201475261
1245,0,-1.13371933785,-0.29211679175
1246,1,3.10485972426,2.60946789261
1247,1,2.27887812784,3.01834377342
1248,3,-0.266759114948,-1.06023462949
1249,0,0.686680737476,1.81881748488
1250,1,2.17705877667,2.45131767573
1251,0,-0.213769294844,0.270367472474
1252,2,2.66780451337,3.40670739985
1253,2,3.13773399823,2.93698506617
1254,2,3.3302939229,2.84500469364
1255,3,-0.400978778859,-1.00730674141
1256,0,-0.41178244343,0.692285889696
1257,2,2.59858512635,3.63645474576
1258,3,-0.0770758455357,-0.897799983673
1259,1,3.17083703515,2.39175879648
1260,1,2.34574929032,2.98454210942
1261,1,2.4945864042,2.60750106653
1262,1,2.28908934111,3.03057686656
1263,3,1.45301312566,-2.42588602385
1264,0,-0.767230023837,0.0303100248481
1265,0,-0.0806220054251,0.433498515691
1266,2,2.67240749843,3.58820521701
1267,1,2.22964024785,2.79596445307
1268,1,2.18467174785,2.7126457685
1269,3,1.00833050337,0.294465082206
1270,1,2.89909948328,2.62161491758
1271,3,-0.506418281391,-0.741561469922
1272,1,2.4430202741,3.13941437116
1273,1,2.55531678462,2.9755995627
1274,1,2.14067911694,3.23666309732
1275,1,2.91438703737,2.37830501657
1276,1,2.61311537487,2.4425430949
1277,0,-0.893540859506,-0.132860961266
1278,1,2.56359786277,3.09272006592
1279,3,-0.958923183976,-1.06765717856
1280,2,3.08189291033,3.09980006353
1281,1,2.37219905453,2.74711216354
1282,1,2.5513157751,2.7895599252
1283,3,1.10949179191,0.167885725296
1284,3,1.10621638366,-0.221759563151
1285,2,3.53371740053,3.58323069432
1286,3,-1.42903361438,-1.24641072904
1287,0,-0.72417431867,0.69327884577
1288,2,3.38588062657,3.3735780523
1289,3,-0.027338303573,-0.653086854887
1290,1,2.45530674313,2.23797942124
1291,0,0.96487813531,1.17735661411
1292,0,-0.83850192185,0.239440383742
1293,0,-0.692858468166,0.808147967437
1294,1,2.10653085515,2.98188455467
1295,0,-1.17107792533,-0.37074019667
1296,3,0.0506567614224,-2.07658362501
1297,0,-0.704784972558,-0.243069831549
1298,2,3.83298927167,3.12048209137
1299,0,-1.15327399845,0.0815917301359
1300,0,-0.267418464863,0.412235719389
1301,0,-0.791299268187,1.37517303466
1302,3,-0.0149323147772,-0.151870419467
1303,3,0.729790152271,-1.24466689565
1304,0,-1.36654056031,-0.305032422541
1305,2,3.65183450498,2.19484861908
1306,0,-0.543694281049,1.3933033514
1307,3,-0.475216997096,-1.09446811116
1308,1,3.16911186611,2.27115928045
1309,2,2.85991613804,3.88986144042
1310,3,0.855644322817,-0.902077430841
1311,3,0.483193948204,-0.67182278674
1312,3,0.45968226644,-0.620240447179
1313,0,-0.920082287595,-0.00271163136084
1314,2,2.73145537554,3.57853955848
1315,3,0.061216082651,-0.657144363339
1316,2,2.86962068324,3.70659964862
1317,1,2.27156546879,2.31034011274
1318,2,3.13146773984,3.60512062934
1319,3,0.783874029444,-0.722761536098
1320,0,-0.498930377817,-0.149706352711
1321,1,2.81337755525,1.25391401783
1322,2,3.60207283573,2.7070329245
1323,0,-0.485105821816,0.102863240313
1324,1,2.79206371225,2.79428348882
1325,3,-0.546944277015,-0.38568501387
1326,2,3.32601933134,3.14753917569
1327,2,3.59928752806,2.26433574577
1328,0,0.14503837605,2.21708963886
1329,0,-0.882231655633,0.0372357046766
1330,0,-0.379186397374,-0.157448427665
1331,3,1.22425075252,-0.185759351209
1332,2,3.51605379681,3.32440630961
1333,3,0.11017046625,-1.16313988165
1334,0,-0.898756322095,0.899973951036
1335,0,-0.441177656111,0.52487397519
1336,1,3.07292892532,2.49489015806
1337,3,0.448369765048,-1.19131587754
1338,3,1.36356852555,-1.20162463262
1339,2,2.91079058529,3.60245316333
1340,2,3.67523477689,3.41027372318
1341,0,0.000387338667763,0.26785083733
1342,3,0.41088532049,-0.186416476833
1343,2,3.32225774062,3.20706160882
1344,0,0.495450675286,0.941300149426
1345,2,3.15736717737,3.10233193292
1346,0,-1.02477003578,-0.136885486715
1347,2,2.77354222167,3.68466872991
1348,0,0.139866860703,0.203956467986
1349,0,-0.587939457494,-0.305054749697
1350,2,4.01714149582,3.00196165525
1351,0,-2.31463856472,-0.178067262557
1352,3,0.86933018652,-0.651789187095
1353,1,2.26705292217,2.94761811697
1354,1,2.4450896681,2.20523175633
1355,0,-0.257655163425,1.33634133538
1356,1,2.76633753551,2.64942749107
1357,1,2.56647290806,3.25662078469
1358,2,3.69643746103,3.07957726197
1359,2,2.84843162196,3.54022195861
1360,2,2.91338659873,3.7911405774
1361,2,4.16629601868,2.95523595597
1362,2,2.84986745674,3.31906058284
1363,1,2.10915087697,2.67946382108
1364,2,3.49380466269,2.24526152201
1365,0,0.102673429109,1.21365801494
1366,3,-0.363186160047,-0.931608703491
1367,2,3.49808190304,3.42104570353
1368,0,0.0121860497725,0.460224656102
1369,0,-0.538275005684,0.319684059189
1370,0,0.747118862935,0.712524047163
1371,0,-2.17584163577,0.229627520718
1372,2,3.25240330291,3.30019916313
1373,3,0.564334368172,-0.766489240173
1374,1,2.97204424618,2.90288736635
1375,3,0.802370100061,-0.372650408081
1376,3,-0.289778775649,-0.808540521007
1377,2,3.01067901483,3.4957385111
1378,3,0.570835051455,0.266391908082
1379,1,2.57473935143,2.33369327562
1380,0,-0.508513799191,-0.238486559088
1381,2,3.55792766102,3.10942690661
1382,2,3.5006756779,2.77034489956
1383,2,2.75368731048,4.47955192954
1384,1,2.35803766368,2.55921033634
1385,2,3.21528472205,2.95475154279
1386,3,0.448074126452,-0.124975983084
1387,3,-0.0661821528696,-1.0748087971
1388,3,0.227126675134,-0.41761224778
1389,2,2.86857401408,3.35588182439
1390,1,3.10091513191,2.59555616671
1391,0,-0.575418811788,0.229289935478
1392,2,2.91670715658,3.02208752268
1393,3,1.08402504288,-1.82803869354
1394,0,-0.177929066048,0.868175105971
1395,0,-0.654361767681,1.31764269698
1396,3,-0.236657322049,-0.304615057833
1397,3,-1.27348350777,-1.84617365943
1398,3,1.45624344306,0.632373023358
1399,3,-0.673406391274,-0.678162419597
1400,3,-0.0508351607321,-0.661148060874
1401,2,3.05509299727,3.69762593262
1402,1,2.94533977951,1.92826593248
1403,2,3.44094009669,2.28018215482
1404,0,-0.4005580991,0.0624042940022
1405,0,-0.0288879553329,2.12168913392
1406,0,-0.421825389532,0.603665837107
1407,1,3.18208537279,2.389406436
1408,0,-1.84136681962,0.202418179408
1409,2,3.66571773616,2.87489870967
1410,2,3.6567833642,3.10721014677
1411,3,-0.439588484694,-0.855682785031
1412,3,0.058245410115,0.0163790091929
1413,2,3.40363798733,2.75296982974
1414,2,4.32738986961,2.40826988619
1415,0,-1.03879052571,0.420337333399
1416,0,-1.56887026687,-0.0588020593246
1417,0,-0.494843145333,2.1320836847
1418,2,3.75574710838,3.11569865082
1419,2,2.96025866504,2.95832562505
1420,3,0.417068358629,0.346882821647
1421,2,3.76090639305,3.35994466988
1422,3,0.239370092053,0.209053363114
1423,3,0.497828913736,0.281281393333
1424,1,2.95806648048,2.82302696961
1425,1,2.38896904858,2.36737899451
1426,1,2.87859175528,2.76829751889
1427,0,-0.490108511961,0.639975057497
1428,2,2.43300117264,3.88097512613
1429,1,2.47683905036,3.19298588228
1430,0,-1.58329690997,0.760863407356
1431,3,0.775598096751,0.229031136348
1432,1,2.203361994,2.94153079269
1433,1,2.23400059537,3.84794104208
1434,1,2.55154278852,3.41568779397
1435,3,0.345175039383,-0.139084044362
1436,0,-1.20486707778,-0.518212530508
1437,0,-0.0744984869984,0.108809258745
1438,3,-0.758581425473,-1.17997952477
1439,1,2.58577362213,3.31651799135
1440,1,1.79594735726,2.04346842853
1441,2,2.83059994177,3.287176315
1442,3,0.262023440692,-0.101422465894
1443,0,0.77659677554,1.31705653057
1444,3,0.758607298369,0.174272241336
1445,3,0.855925606076,-0.30423027803
1446,1,3.07661450958,2.74103106686
1447,2,3.44512389428,2.73507106023
1448,2,4.05435593063,3.04579999919
1449,1,2.83474902023,2.54934814505
1450,1,2.86092290455,2.68852921103
1451,2,3.24052452475,3.80182809007
1452,0,-0.66571437615,0.163848512477
1453,2,3.58031485009,3.6658660039
1454,0,-1.68547758886,-0.00297763317735
1455,0,-0.0596328177255,0.539877023497
1456,2,3.5234102371,3.01576311948
1457,0,0.481440719675,0.953194918351
1458,0,-0.134363586844,0.544830580529
1459,1,2.78413804273,2.78934905405
1460,1,2.58660289731,2.92992203851
1461,2,2.68144088795,3.39536334529
1462,3,-1.0013374516,-0.790571020184
1463,3,0.851415154909,-0.148171579143
1464,2,3.26303620612,3.38526628046
1465,3,0.854492543559,-0.503391938982
1466,2,3.40681844993,3.36081648766
1467,3,0.865223419009,0.693765102281
1468,1,2.35580644639,3.0738448051
1469,2,3.61648104778,2.87909450413
1470,3,0.371871758365,-1.02556800693
1471,2,3.26936251043,2.8841051038
1472,1,2.13570912809,3.39366753331
1473,2,3.29072141234,2.88958379411
1474,1,2.59893416523,2.0568153828
1475,1,2.79764974575,2.37405389421
1476,0,-0.121517884325,1.40411543475
1477,2,3.02044910146,3.76524952614
1478,0,-0.91955969377,-0.300755498344
1479,3,1.63751233634,-0.503470242671
1480,2,3.3426407549,2.63895891718
1481,2,3.29368072065,2.61217331112
1482,2,2.90990097033,3.6692243036
1483,3,0.159775979189,-0.586792698291
1484,3,0.679551360011,-1.37312597341
1485,3,0.487895445705,0.0309163446262
1486,3,0.707696779892,0.405770111937
1487,2,3.69579665474,3.00423152383
1488,1,2.54253133392,3.01970822672
1489,0,-1.11405692849,0.602534079507
1490,2,3.33438997494,2.7597650888
1491,2,2.95650870428,3.38556944987
1492,1,3.41088001935,1.41224558399
1493,1,3.05948133374,2.12599126548
1494,1,2.8478327291,2.49800393452
1495,2,3.73882391199,4.31134082324
1496,3,0.0069951825092,-0.198579134427
1497,3,1.2057431447,-1.25616901286
1498,3,0.712233806548,-0.361051618024
1499,2,3.29027123328,3.45025851582
1500,0,0.0462436715701,1.16108247146
1501,2,3.93669713616,3.68577670759
1502,2,3.80275291752,3.45360403081
1503,1,1.18086716999,2.2666825863
1504,2,3.46967700968,3.44610288382
1505,3,1.64377965154,-0.231399911112
1506,3,1.90716438016,-0.462070190819
1507,2,3.20329138293,3.27405498487
1508,0,-0.042232126688,0.408377053187
1509,3,-0.168365116946,-0.764595752973
1510,2,3.3390065172,3.39752706022
1511,0,-0.768697855383,2.00351231707
1512,2,3.16895641997,2.96221348565
1513,3,-0.59140363407,-1.48284865443
1514,3,0.4061229803,-0.810083208801
1515,1,2.24955707996,2.60979045084
1516,3,1.0034905906,-0.387125061643
1517,3,0.423606363418,-0.273344794601
1518,2,3.24312402588,3.68971174935
1519,1,2.18004143654,3.54372850256
1520,0,-0.56704383704,0.606045498052
1521,2,3.07398839359,3.05345266928
1522,0,-0.685628481436,1.71387384364
1523,1,1.93154994758,3.421304322
1524,0,0.79270932356,0.798236412632
1525,3,2.91624884888,-1.54043415661
1526,2,2.96660731327,3.81658492561
1527,1,3.35622468326,1.27335936761
1528,1,2.94714972489,2.69513549996
1529,3,0.730516171436,-1.01264277791
1530,3,1.64309580252,-0.149637839211
1531,0,-0.846012809192,0.436436870355
1532,0,-1.29266431065,1.10799193948
1533,1,2.53430905441,3.12356838988
1534,3,1.45803884423,-1.78968136908
1535,0,-0.668212670099,0.168051098029
1536,1,2.79501664832,2.31586945806
1537,3,0.974248966864,-0.47906659678
1538,1,2.46858632656,1.8985357971
1539,0,-0.810663627974,0.481682127116
1540,2,3.37520301475,3.29770923468
1541,2,3.08765381748,3.46195840583
1542,2,3.26019168575,3.05800877384
1543,3,0.082041170374,-2.20590172603
1544,2,2.59458467555,3.46526310939
1545,3,-1.29635603471,-1.54386942531
1546,3,0.448945055011,-0.0684259893751
1547,3,-0.151060335555,-0.872364555453
1548,0,-2.67008218604,0.541389741884
1549,1,2.05128802406,2.88025712844
1550,2,3.23531359683,3.2746158672
1551,0,-0.556563484387,1.08909846442
1552,0,0.346226405477,0.404716394242
1553,2,3.05684722757,3.18572795283
1554,2,4.25249321031,2.37620966114
1555,2,3.17433648728,2.80469794094
1556,1,2.61339839654,2.51426989136
1557,3,1.41610941925,-0.0380302754607
1558,0,-1.7453737407,0.58146363601
1559,1,2.19883558523,3.21538773951
1560,0,-0.456722553342,0.741654235819
1561,3,-0.749137201484,-0.549472500659
1562,0,-0.940526306848,0.157584779386
1563,1,2.05627021096,3.13941494704
1564,1,2.78558768602,3.14518549626
1565,1,3.05468810565,2.45027970362
1566,2,2.95781075849,3.2708824338
1567,0,-0.756645574053,-0.000545755868857
1568,0,-1.12216569444,0.71291991168
1569,0,-0.932942303871,0.83715539224
1570,2,3.66529003404,2.97343953136
1571,3,-0.459286336123,-1.0148317132
1572,3,0.147137732541,-0.246650354814
1573,1,2.80009384243,3.04139716482
1574,1,3.39565571195,2.14106178313
1575,0,-0.32541895612,0.0493366734048
1576,3,-0.865894219335,-1.10177226452
1577,3,-0.187151353568,-0.272642988404
1578,3,0.222989468439,-0.618828050722
1579,0,-1.68370488639,0.288986440081
1580,1,2.98048197554,2.5094543606
1581,1,2.66042488339,2.73471089326
1582,3,0.201912844487,0.0740910145915
1583,2,3.32762316191,2.99835142514
1584,0,0.138614531233,0.555338437668
1585,0,0.186632139342,0.85923034956
1586,1,2.80653703754,2.6974368093
1587,2,3.82306219485,2.98691295147
1588,1,2.13579634444,2.44472157204
1589,3,0.297993845896,0.112842658005
1590,2,2.80004551829,3.43306435526
1591,0,-0.252282887313,2.20070855713
1592,2,3.42589063765,3.56171874023
1593,1,2.92876837786,2.83717143373
1594,2,3.56148045432,2.99897349858
1595,1,3.02389728794,2.26604290165
1596,1,2.61775323717,2.53680333317
1597,1,3.09786986172,2.48223986338
1598,1,1.70472910609,1.27915205221
1599,1,1.56992728796,1.28148811794
1600,3,1.38468942172,0.273406833779
1601,1,2.43878102704,2.73770155684
1602,3,0.338521343868,-1.08229556768
1603,3,1.20753259187,-0.146629861731
1604,1,2.90092852319,2.89651718117
1605,0,-2.40931323781,0.959042367774
1606,3,0.570485543366,-0.7592395363
1607,3,1.30805093092,-0.391931750227
1608,3,-0.236534680801,-0.869093637991
1609,0,-0.783877794109,0.76052564269
1610,3,1.4895732758,0.557612280634
1611,3,1.47133438953,-0.20030598344
1612,0,-1.15668652738,0.494301664758
1613,0,0.0479880951981,0.464236658174
1614,0,0.535039256041,0.703525483118
1615,3,0.37793168119,-0.339413217319
1616,1,2.6322816165,3.12346579184
1617,2,3.11099177242,3.21833832143
1618,0,-0.787094426212,-0.0434029710004
1619,3,-0.421293188734,-0.333085498589
1620,2,3.57032262273,3.04096628473
1621,0,0.881863190452,1.23663866381
1622,0,0.342609083669,0.541649575111
1623,1,2.92724021335,2.81498572869
1624,2,2.69096842111,3.79764621707
1625,3,-0.580051776955,-0.436552482618
1626,0,-0.0669254788288,0.890760799262
1627,2,3.16955877063,2.84938600163
1628,0,0.561814237148,0.537381128783
1629,3,-0.172884297649,-0.384728248325
1630,3,0.164179790382,-0.566094115947
1631,0,-1.61860424062,0.71649112146
1632,3,0.297336826807,-0.687109900792
1633,3,2.16736502466,-0.288759540985
1634,1,3.05338256994,2.30086192881
1635,0,0.817255740191,1.03498344572
1636,1,2.88236328317,2.93933843601
1637,0,0.319430133707,0.884142670616
1638,3,-0.472660924298,-1.4638736698
1639,0,0.367466065994,1.057588158
1640,3,1.10324880829,-0.619764455463
1641,0,-0.599487169495,0.898487272128
1642,0,-2.31679463164,-0.732725902618
1643,3,-0.818746611027,-1.03545199444
1644,1,2.94080080595,2.10408867086
1645,1,1.93995554997,1.70105773379
1646,3,-0.378461293849,-0.37146999844
1647,1,2.54963818929,2.87096467537
1648,3,-0.0951438776775,-0.614014936667
1649,2,3.54403698047,2.49614717231
1650,3,1.20201156946,-0.438426467782
1651,0,-0.521984535099,0.0616326741966
1652,1,2.38783754895,2.26421098943
1653,3,-0.395814144178,-1.05179618078
1654,3,0.311730410142,0.0927102876033
1655,2,3.30703629999,2.70683454891
1656,2,2.81055720792,3.87209571351
1657,2,3.00894263616,3.66871825362
1658,1,2.14918974447,2.91805622496
1659,2,3.20312400153,3.32139680422
1660,1,2.83265714173,3.09381929623
1661,2,3.26233872963,3.1061382719
1662,1,2.63352188537,1.83348349281
1663,1,2.10715934465,2.9287468714
1664,3,0.346906215931,0.194329706605
1665,0,-1.62250668432,-0.140319877546
1666,2,3.03822040057,3.37709588877
1667,0,0.197920229161,0.561537152373
1668,3,0.0111153804745,-0.440787892723
1669,0,-1.70562627294,-0.0965917030355
1670,1,2.06529926786,2.3356013282
1671,2,3.40911993735,2.62778959243
1672,3,-1.11028087861,-0.884373204275
1673,2,2.8375650727,3.79543853845
1674,0,-0.908982779455,-0.327842061159
1675,1,2.73687584031,2.78263183432
1676,3,-0.395326229164,-0.809199111671
1677,2,3.53103116,3.09069083107
1678,2,3.84563095096,2.39224340953
1679,1,2.33049833535,3.37240177034
1680,3,0.401006599957,-1.75139801913
1681,0,-1.52942710422,1.13244622965
1682,0,0.83290468078,0.754408938959
1683,2,3.39692467443,3.22334557817
1684,1,2.31868254246,3.42523379983
1685,0,-1.71898233568,0.957079051672
1686,2,3.12177241701,3.08036652183
1687,2,2.92952472629,3.72594740131
1688,1,2.44956541638,3.42987076481
1689,3,0.774714052982,0.54437891574
1690,2,3.23420626889,2.83029371349
1691,1,2.06874812142,3.48781072572
1692,1,2.82720686358,2.4162595843
1693,2,3.07906001841,3.83023991096
1694,0,-0.915230267899,-0.156699126514
1695,2,3.90866547503,2.60128933181
1696,1,2.51190481314,3.41879191118
1697,2,3.15014722781,3.64029049048
1698,2,3.37836122854,3.23484425663
1699,0,-0.482311977215,0.261596321301
1700,2,4.0750954279,3.40268413927
1701,0,0.758508388288,0.670492812229
1702,2,3.2921444159,2.83744043402
1703,1,2.44441116348,2.69325902594
1704,1,3.01390556625,2.14577347451
1705,2,3.46749762971,2.92771898601
1706,1,2.691257302,2.89846139324
1707,0,0.897750294447,0.859352951996
1708,3,0.648876717048,-1.32011674498
1709,3,0.0676822353732,-1.66735502219
1710,3,0.823992534682,-0.176933923034
1711,2,3.19426847664,2.7853291689
1712,1,2.20248476109,3.76943899936
1713,1,3.01265953804,2.69257154085
1714,1,2.71137257915,2.65078343274
1715,3,0.827189646685,-1.28435162636
1716,2,3.99615065003,3.38083056936
1717,1,2.21613152211,2.36818243346
1718,3,0.389260760561,-0.0708024248703
1719,0,-1.13172086802,0.298534847885
1720,3,-0.165312604116,-1.31844449492
1721,1,2.60829385807,2.95741192446
1722,0,0.500130697729,0.466455672545
1723,2,3.75366795224,2.905552198
1724,1,2.75131737963,2.8646241537
1725,0,-0.895620221287,1.69182073427
1726,0,0.351629138942,1.39188930907
1727,0,-0.3173632683,0.358001155416
1728,2,3.4556056878,3.11993165091
1729,0,-0.864177678485,0.267722728741
1730,3,1.39222411087,0.820981884899
1731,3,0.0795801953052,-0.898816141313
1732,2,3.30588407949,3.32347393529
1733,2,3.43020757117,2.79307992645
1734,1,2.36375211092,2.62573738161
1735,3,-0.151474902661,-0.207259468031
1736,0,-0.331625422273,0.952125690282
1737,2,2.83451854121,4.45392838347
1738,2,3.2515176279,2.82603471781
1739,0,0.401858129269,1.21691173612
1740,2,3.91678207288,3.74902691839
1741,2,3.77013941413,4.03859363546
1742,2,2.97258235129,3.00816682125
1743,3,0.151743574299,-0.0942088675095
1744,0,-2.13055159967,0.020926038991
1745,2,3.22887960902,2.86692722885
1746,0,-1.82598785967,-0.898020209563
1747,2,3.44396169227,3.17786370074
1748,1,3.16506834902,2.17877998602
1749,3,-0.383228803136,-1.52371184212
1750,3,2.23785802196,-0.469716285844
1751,3,-0.806321343459,-1.17888184957
1752,2,3.88012190982,2.99403646648
1753,2,3.43187900224,3.08942122826
1754,3,-0.19303194531,-0.24512574952
1755,1,3.23443677084,2.43540028236
1756,0,0.289436125583,1.35611291835
1757,0,-0.525667660057,0.841348886616
1758,0,-0.873196572074,-0.0549427393598
1759,1,2.89214949572,2.93826025608
1760,1,2.35929147432,2.93651955896
1761,0,-1.79364825298,-0.148490852482
1762,1,2.96391293703,2.87828102741
1763,1,2.91680125218,1.72198277784
1764,2,3.20126082307,4.46310665828
1765,3,0.781728096959,-0.485516856512
1766,2,3.23428510932,2.74734006751
1767,3,0.710371280711,0.315572088107
1768,2,3.5948553346,2.62378586135
1769,0,-0.701859084023,-0.193067409386
1770,0,-1.19070654083,1.39354720486
1771,0,0.405163644886,0.817192256478
1772,0,-0.514180670035,0.229019287007
1773,3,0.488164241607,-0.564176171563
1774,3,0.00431173995075,-0.346756277679
1775,1,2.43227081973,3.12703532282
1776,2,2.78728184882,3.37600891962
1777,2,3.60773204124,2.81714911695
1778,3,0.774833210467,-0.983506551429
1779,1,1.87059214836,1.0254430527
1780,3,0.889531836503,-0.394427303669
1781,3,0.879421349843,0.227947513723
1782,3,0.987285608363,-0.550909338013
1783,2,3.10154203904,2.98105480201
1784,2,3.68155948068,3.05367393444
1785,3,-0.110303373953,-1.10131719198
1786,3,0.493284615426,0.264672192978
1787,1,3.10867788123,2.70331872536
1788,1,2.75903612633,2.80383739767
1789,3,1.27715932422,-0.0258260856187
1790,0,-1.77919947133,-0.00641008136213
1791,2,3.04460198158,3.40607677703
1792,2,3.55929025906,2.50997034823
1793,0,-0.645797634105,1.33784017085
1794,3,-0.0517866551078,-0.662662897029
1795,0,0.643296930806,1.10536327665
1796,1,2.68356148293,3.24995557338
1797,3,-0.781812866988,-0.962059194297
1798,0,-0.478318503584,0.716715630327
1799,0,-0.147811857103,0.883019796904
1800,2,3.66826111534,3.21682516764
1801,2,3.75534885156,3.4458872634
1802,1,3.28980481098,2.45133412513
1803,1,2.23031704587,2.62443532289
1804,3,0.686340889273,-0.972642724747
1805,1,2.77688399624,2.72492235372
1806,3,1.36113317144,-0.540878418774
1807,1,2.69865045133,2.34439216702
1808,0,-0.697815995026,-0.307523279597
1809,1,1.67145632295,1.09338738765
1810,2,3.20393853228,2.96749445287
1811,0,0.441850711613,2.35962300569
1812,1,2.68782997055,2.32305444836
1813,2,3.85999413273,3.68640837946
1814,3,0.52125498591,-0.760320053043
1815,3,1.05322454102,-0.817663371556
1816,3,0.726984512791,0.555187236443
1817,0,-0.661336549869,1.06275506671
1818,1,2.76761231132,3.02275529785
1819,0,-0.132329696796,0.0734260992281
1820,2,2.88962724737,3.61479683516
1821,3,0.532645866592,0.422162067178
1822,0,-0.447137969279,0.342173459945
1823,1,2.48062527565,1.88438054138
1824,2,3.09967087227,3.18007543271
1825,0,0.0895439101357,1.18558259299
1826,1,2.61766767425,3.34918157111
1827,2,3.33551587878,3.04393191708
1828,3,0.838297128922,0.465571097277
1829,2,3.78956696401,4.0023251663
1830,2,3.68643683238,3.12403718947
1831,3,0.193563016644,-0.964430279247
1832,2,2.87368460266,3.2443349057
1833,2,3.30261940808,2.90976790843
1834,0,0.865915823778,1.62003896914
1835,2,3.9373622874,3.35518454845
1836,1,2.25086878197,3.11683833586
1837,3,0.728307909201,0.101812811777
1838,3,1.42745075003,0.198014749384
1839,2,3.42411247178,3.11870265541
1840,3,1.14169834569,-0.618239989186
1841,3,1.08619564511,-1.31036972824
1842,0,-0.445239375285,0.375006611262
1843,2,2.98278879787,2.91441467313
1844,3,1.31743597913,-0.484478011488
1845,3,1.74500162003,0.188118081475
1846,0,0.590583827034,0.59566119562
1847,2,3.05949990816,3.14263208623
1848,0,-2.90251547916,-0.487625852495
1849,1,2.35414112479,2.76098069986
1850,1,2.70049686626,3.1441750755
1851,3,-0.154027230418,-0.655393428634
1852,3,1.07588037813,-1.59327745002
1853,2,3.21184502027,2.90032731766
1854,1,3.2749488079,2.40028780144
1855,3,-1.23009455481,-1.19311971247
1856,1,3.00537303288,2.81591831216
1857,0,-0.573321814868,2.0802410138
1858,3,1.19345867364,-1.43580690204
1859,0,-0.180181150551,0.273229075781
1860,3,0.785136227211,0.158890102648
1861,2,3.3167061431,2.84794335655
1862,3,0.256459017119,-0.428941498201
1863,3,-0.675482252934,-0.636778020421
1864,0,-0.764471432466,1.46318125172
1865,3,0.741834401033,-0.14448131105
1866,1,3.06738152067,2.43072130917
1867,0,-0.148434948888,0.435942484179
1868,3,0.788425768158,-0.319392979442
1869,1,3.02357719356,2.81195976174
1870,1,3.08285636193,2.58141234676
1871,0,-0.425233033449,0.228689962242
1872,0,-0.46217307668,1.04023269227
1873,0,-1.72825526749,0.68173520371
1874,3,-0.242592675065,-1.33466991279
1875,0,0.958164561956,1.26633021379
1876,3,-0.0744644020018,-0.159560285485
1877,3,-0.221155771292,-0.241525928632
1878,0,-1.61193771015,-0.145386957898
1879,0,0.0436075224923,1.90356704618
1880,0,-1.30183152155,0.0450832863662
1881,0,-0.510841877905,1.121805629
1882,1,1.92037257283,3.14395069502
1883,2,2.92250567877,3.39899121794
1884,1,2.84964030825,2.45728488782
1885,2,3.92666342777,2.93198805323
1886,1,2.97175247612,2.65856617006
1887,1,3.12724186858,2.64595899889
1888,2,3.57280748171,3.31323101875
1889,3,1.57563982326,-0.962653566855
1890,1,2.06428164878,2.69532302321
1891,1,2.68265837146,2.85242440428
1892,1,2.96521670369,2.82416905227
1893,0,-1.22701675896,1.15737583003
1894,1,2.32753173562,3.21755852469
1895,1,2.86060208978,2.37970558006
1896,0,-0.823187363871,-0.163335089421
1897,3,1.02062070269,-0.206019252562
1898,3,-0.523671344103,-0.491319631016
1899,3,-1.626292815,-1.4666178098
1900,2,4.42436255023,1.7733778354
1901,1,2.81606210643,2.58348756402
1902,1,3.06874706008,2.71494806875
1903,3,0.786521037744,-0.983127174909
1904,3,1.29426010183,0.806949941645
1905,3,-0.827131698262,-1.15362793512
1906,2,2.97991851797,3.32442593037
1907,0,-0.650948293226,0.0583000893233
1908,3,-0.611871199725,-0.896930233793
1909,1,2.2516891905,3.6738543184
1910,0,-0.616097524863,0.2667602044
1911,2,3.54607971459,3.41218066705
1912,3,1.59362649406,-1.52597779167
1913,3,-0.77234779723,-0.511875438729
1914,0,-0.21725937787,0.794310889123
1915,1,2.71723928948,2.83952632432
1916,1,1.76323604218,2.73852674716
1917,2,2.82432974129,4.089410079
1918,3,1.85028978408,-0.837777932702
1919,1,2.16795605047,2.87599941046
1920,0,-0.274715300006,0.609626281435
1921,0,-0.682191047918,-0.20056222117
1922,1,2.17552257317,2.64274771491
1923,3,-0.321131605284,-0.293965067672
1924,0,-1.43830961724,0.238763630903
1925,0,-1.60171510734,1.71723489777
1926,1,1.84140800781,3.72936047845
1927,1,2.89572724812,2.51499947747
1928,2,3.38487064881,3.13343408807
1929,1,2.45489640984,3.15169200375
1930,1,3.09275646541,2.43205301609
1931,2,2.73895234428,3.28767149068
1932,0,-0.331683965097,0.276378514451
1933,3,0.984607638583,0.191357405679
1934,0,-1.47944799809,-0.54422447126
1935,1,1.91967085171,3.04620941754
1936,0,-0.167461302677,0.329520691413
1937,2,3.23997606441,2.85108549928
1938,2,3.26991638252,3.45420339359
1939,2,2.82281179984,3.35059424019
1940,2,3.47730220525,2.95812027903
1941,0,0.581202987571,1.00028499453
1942,1,2.4504519902,0.594671246215
1943,0,-0.573418075451,1.21328740921
1944,2,3.47208245846,3.25051550334
1945,3,1.05903064153,-0.247391489319
1946,0,0.342093073035,1.39835654624
1947,2,2.98673946878,3.38370123853
1948,3,1.67318898132,0.277488876676
1949,3,0.85847168603,-0.532261036513
1950,3,1.35981787036,0.0234449539886
1951,1,2.09788940908,3.22786707456
1952,1,3.25563587391,2.16677857608
1953,0,-0.447821425514,0.27205059514
1954,3,0.0951488020181,0.0474134624132
1955,3,0.579475189833,0.105830814878
1956,1,2.95686482132,2.83399006963
1957,1,2.89285185163,2.3714655931
1958,0,-2.5370084049,0.330607106957
1959,2,2.79344759173,3.41734275579
1960,2,3.75578883983,3.06360236237
1961,3,0.569314671419,0.248783554219
1962,2,3.49784052476,3.11568400921
1963,3,-1.67869444808,-1.86234500711
1964,0,0.36210956483,1.02275419783
1965,3,-0.384559891478,-0.725922521631
1966,0,0.24252397555,2.34026864835
1967,0,-1.8816591494,-1.16193915494
1968,2,3.40675265443,3.17335968556
1969,0,-0.973589927141,0.190170620218
1970,2,3.51218193177,3.27928828725
1971,3,0.217621661836,-0.609362708623
1972,0,-0.238999053668,-0.0622761515333
1973,2,2.85473966478,3.1661977458
1974,3,0.835796142356,-0.129695428469
1975,2,3.26315729334,3.14910433932
1976,2,3.4333785897,3.64034455705
1977,3,-0.546031891363,-0.291526260997
1978,0,-1.18846183849,-0.377944725165
1979,2,3.14891881571,2.98994271263
1980,2,3.64401702478,2.834344792
1981,3,0.464581129143,-1.23699836243
1982,0,-0.963793860707,0.344600464257
1983,3,0.00871693161288,-0.367689404339
1984,2,3.47029311999,4.58221343317
1985,2,2.94572626119,3.74860586016
1986,2,2.86217125935,3.18563298135
1987,3,-0.744180091638,-0.721045490517
1988,2,2.73099143332,3.25602597315
1989,1,2.65154352043,3.1806329434
1990,3,-0.84870626663,-1.21016802776
1991,0,-0.31610527219,0.769658541163
1992,0,-0.231112981734,0.753093066341
1993,1,2.48872798118,2.63748603759
1994,0,-0.0646717973958,1.31818795873
1995,2,3.5589432333,3.33405217275
1996,2,3.33513547391,2.74543193994
1997,1,2.54033847312,2.58357643905
1998,1,2.62297821745,3.24070777251
1999,2,3.43963225108,3.01153268575
